name,aberdeen_city_council,brentwood,bristol,calderdale,cambridge_city council,cardiff_council,carmarthenshire_county_council,city_of_westminster,city_of_york,clackmannanshire_council,derbyshire_dales,fife,lambeth,norfolk,north_herts,north_somerset,oxfordshire,recycle_now (wrap),surrey,warwickshire,west_oxfordshire,westminster
'j' cloths,,y,,,,,,,,,,,,,,,,,,,y,
abandoned vehicles,y,,,,,,,,,,,y,,,,,y,,y,,,
absorbent hygiene products (ahp),,,,,,,,,,,,,,,,,,,y,,,
adhesives and glues,y,,,,,y,,,,,,,,,,,,,,,,
aerosol cans,y,y,,,,,,,,,,,,,,,,,,,,
aerosol or spray cans,,,,,y,,,,,,,,,,,,,,,,,
aerosols,,,y,y,,y,y,y,y,,,y,y,y,y,y,y,y,y,y,y,y
alarm clock,,,,,,,,,,,,,,,,,,y,,,,
aluminium,,,,,,,,,,,,,,,,y,,,,y,,
aluminium cans,,,,y,,y,,,,,,y,y,,,,,,,,,
aluminium cans and foil,,,y,,,,,,,,,,,,,,,,,,,
aluminium cans/foil,,,,,,,,,,,,,,,,,,,y,,,
aluminium foil,y,,,y,,,,,y,y,,y,,,,,y,,,,y,
aluminium foil and lids,,,,,,,,,,,,,y,,,,,,,,,
aluminium foil tops,,y,,,,,,,,,,,,,,,,,,,,
aluminium trays,,y,,,,y,,,,,,,,,,,,y,,,,
"aluminium, foil",,,,,,y,,,,,,,,,,,,,,,,
aluminium cans,y,,,,,,,,,,,,,,,,,,,,,
aluminium foil and lids,,,,,,,,y,,,,,,,,,,,,,,y
animal / pets bedding,,,,,y,,,,,,,,,,,,,,,,,
animal and pet waste,,,,,,,,,,,,,,,,,y,,,,,
animal bedding,,,,,,,,,,,,y,,y,,,,y,,,,
animal bedding ,,,,,,,,,,,,,,,,,,,,,y,
animal bedding and pet waste,,,,,,,,,,,,,,,,,,,y,,,
anti-freeze,,,,,,,,,,,,,y,,,,,,,,,
antifreeze,,,,,,,,,,,,,,y,,y,,,,,,
appliances,y,,,,,,,,,,,y,y,,,,,,y,,,
architectural salvage,y,,y,,,,,,,,,,,,,,,,,,,
area waste strategy,,,,,,,,,,,,y,,,,,,,,,,
argos catalogues,,,,,,,,,,,,,,,,y,,,,,,
asbestos,y,y,y,y,y,y,,y,,,,y,y,y,y,y,y,y,y,y,y,
ash,,,,,,,,,,,,,,,,y,,,y,y,,
ash (coal & wood),,,,,,,,,,,,,,,,,,y,,,,
ash (coal / bonfire / bbq),,,,,,,,,,,,,,y,,,,,,,,
ash (coal),,,,,,y,,,,,,,,,y,,,,,,,
ash (from coal),,,,,y,,,,,,,,,,,,,,,,,
ash (from wood),,,,,y,,,,,,,,,,,,,,,,,
ash (wood),,,,,,y,,,,,,,,,y,,,,,,,
ash from coal and log fires,,,,,,,,,,,,,,,,,,,,,y,
"ash trees, leaves and prunings",,,,,,,,,,,,,,y,,,,,,,,
ashes,y,,,,,,,,,,,y,,,,,,,,,,
asthma inhalers,,,,,,y,,,,,,,,,,,,,,,,
audio and video tapes,,,,,,,,,,,,,,,,y,,,,,,
audio cassettes,,,,,,y,,,,,,,,y,,,,y,,,,
automotive,,,,,,,,,,,,,,,,,,,y,,,
baby equipment,y,,,,,,,,,,,,,,,,,,,,,
baby equipment and clothes,,,,,,,,,,,,,,,,y,,,,,,
baby food pouches (e.g. ella's kitchen),,,,,y,,,,,,,,,,,,,,,,,
baby food tins,,,,,,,,,,,,,y,,,,,,,,,
baby items,,,,,y,,,,,,,,,,,,,,,,,
baby/make-up wipes,,,,,,,,,,,,,,,y,,,,,,,
bags,,,,,,y,,,,,,y,,,,,,,,,,
bags (plastic),,y,,,,,,,,,,,,,y,,,,,,,
baking tray / tin,,,,,,,,,,,,,y,,,,,,,,,
bank holidays,,,,,,,,y,,,,,,,,,,,,,,y
barbed wire,,,,,,,,,,,,,,y,,,,,,,,
bark,,,,,,,,,,,,,,,y,,,,,,,
"barrels (beer, wine etc)",,,y,,,,,,,,,,,,,,,,,,,
bath towels,,,,,,,,,,,,,,,,,,y,,,,
bathroom fixtures/fittings,,,,,,,,,,,,,,y,,,,,,,,
bathroom furniture,,,,,,y,,,,,,,,,,,,,,,,
bathroom products,,,,,,,,,,y,,,,,,,,,,,,
bathroom suites,y,,,,,,,,,,,y,,,,,y,y,,y,,
baths and basins,,,,,y,,,,,,,,,,,,,,,,,
batteries,y,,,y,,,y,y,,y,,y,y,y,y,y,y,y,y,y,,y
batteries (car),,,,,y,,,,,,,,,,,,,,,,,
batteries (household and car),,,,,,,,,y,,,,,,,,,,,,,
batteries (household),,y,,,,y,,,,,,,,,,,,,,,,
batteries (small household) (attach to green bin in separate bag),,,,,y,,,,,,,,,,,,,,,,,
batteries – car,,,y,,,,,,,,,,,,,,,,,,,
batteries – household,,,y,,,,,,,,,,,,,,,,,,,
batteries:,,,,,,,,,,,,,,,,,,,,,y,
bed covers/sheets,,,,,,,,,,,,,,,,y,,,,,,
bedding,y,y,,,,,,,,,,,,,,,,,,y,,
bedding & blankets,,,,,,,,,,,,,,,,,,y,,,,
bedding and blankets,,,y,,,,,,,,,,,,,,,,,,,
bedding and duvets,,,,,,,,,,,,,,y,,,y,,,,,
bedding and linen,,,,,y,,,,,,,,,,,,,,,,,
bedding and blankets,,,,,,,,,,,,,,,,,,,y,,,
beds,y,,y,,,,,,,,,,,,,y,,y,y,,,
beer barrels or kegs,,,,,,,,,,,,,,y,,,,,,,,
beside,,,,,,,,,,,,,,,,,,,,,y,
bicycle,,y,,,,,,,,,,,,,,,,,,,,
bicycles,y,,y,y,,y,y,,y,,,y,y,y,,y,y,y,y,y,,
bicycles and bicycle parts,,,,,y,,,,,,,,,,,,,,,,,
bicycles ,,,,,,,,,,,,,,,,,,,,,y,
bikes,,,,,,,,,,y,,,,,,,,,,,,
bin collections,,,,,,,,,,,,y,,,,,,,,,,
bin liners,,,,,,,,y,,,,y,,,,,,,,,,y
biodegradable packaging,,,,,,,,,,,,,,,y,,,,,,,
bird cage waste,,,,,,,,,,,,,,y,,,,,,,,
biros,,,,,,,,,,,,,,,y,,,,,,,
birthday cards,,y,,,,,,,,,,,,,,,,y,y,,,
biscuit & sweet tins,,,,,,,,,,,,,,,,,,y,,,,
biscuit tin,,y,,,,,,,,,,,,,,,,,,,,
biscuit tins,,,,,,,,,,,,y,,,,,,,y,,,
biscuit wrappers,y,,,,,,,,y,,,,,,,,,,,,,
biscuit / sweet tins,,,,,,,,,,,,,,,,,,,,,y,
black (refuse) sacks,,,,,,,,,,,,,,,,,,,,,y,
black bin bags,,,,,,,,,,,,,,,y,,,,,,,
black recycling box,,,,,,,,,,,,,,,,,,,,,y,
black sacks,,,,,y,,,,,,,,,,,,,,,,,
"blades (e.g. food processor blades, knives)",,,,,,,,,,,,,,y,,,,,,,,
blankets,,,,,y,,,,,,,,,,,,,,,,,
blankets & towels,,,,,,,,,,,,,,,,,,,,,y,
blankets and bedding,,,,,,,,,,,,,,,,y,,,,,,
bleach bottles,,,,,,,,,,,,,,,,,,,,,y,
blister packs (for pills),,,,,,,,,,,,,,,y,,,,,,,
blockboard,,,y,,,,,,,,,,,,,,,,,,,
blue glass bottles,,,,,,,,,,,,,,,,,y,,,,,
blue recycling bags and black boxes,,,,,,,,y,,,,,,,,,,,,,,y
board games,,,,,,,,,,,,,y,,,,,,,,,
boat flares,,,,,,,,,,,,,,y,,,,,,,,
boats / canoes,,,,,,,,,,,,,,y,,,,,,,,
body shop,,,,,,,,y,,,,,,,,,,,,,,y
bones,,,,,,,,,,,,y,,,,,,,y,,y,
"bones (cooked chicken, fish etc.)",,y,,,,,,,,,,,,,,,,,,,,
books,y,,y,y,y,y,y,y,y,y,,y,y,y,,y,y,y,y,y,y,y
books (beyond reuse),,,,,,,,,,,,,,,y,,,,,,,
books (good quality),,,,,,,,,,,,,,,y,,,,,,,
books (hard and paperback),,y,,,,,,,,,,,,,,,,,,,,
boots,,,,,,,,,,,,,y,,,,,,,,,
bottle (glass),,y,,,,,,,,,,,,,,,,,,,,
bottle (plastic),,y,,,,,,,,,,,,,,,,,,,,
bottle tops and lids,,,,,y,,,,,,,,,,,,,,,,,
bottle tops   ,,,,,,,,,,,,,,,,,,,,,y,
bottles,,,,y,,,,,,,,y,,,,y,,,,,,
bottles & jars,,,,,,,,,,,,,,,,,,y,,,,
bottles (see plastic / glass bottles),,,,,,,,,,,,,,,y,,,,,,,
bottles - glass,,,y,,,,,,,,,,,,,,,,,,,
bottles - plastic,,,y,,,,,,,,,,,,,,,,,,,
bottles and jars,,,,,,,,y,,,,,y,,,,,,,,,y
bottles: glass,,,,,,y,,,,,,,,,,,,,,,,
bottles: plastic,,,,,,y,,,,,,,,,,,,,,,,
bottles and jars,,,,,,,,,,,,,,,,,,,y,,,
brake fluid,,,,,,,,,,,,y,,y,,,,,,,,
branches (cut up),,,,,,,,,,,,,,,y,,,,,,,
branches (small),,y,,,,,,,,,,,,,,,,,,,,
bras,,,,,,,,,,,,,,,,,,y,y,,,
bread wrappers,,,,,,,,,,,,,y,,,,,,,,,
bread wrappers / bags,,,,,,,,,,,,,y,,,,,,,,,
bric-a-brac,,,,,,,,,,,,y,y,,,,,,,,,
bricks,y,,y,y,,,,,,,,y,y,y,,y,,y,,,y,
brita water filter cartridges,,,,,,,,,,,,,,,y,,,,,,,
brita water filters,y,,,,,,,,,,,,,,,,,,,,,
brochures ,,,,,,,,,,,,,,,,,,,y,,,
broken glass,,,,,,,,,,,,y,,,,,,,,,,
brown paper,,,,,,,,,,,,,,,,y,,,,,,
"brown paper (wrapping,envelopes)",,,,,,,,,,,,,,,y,,,,,,,
brushes,,,,,,y,,,,,,,,,,,,,,y,,
"brushes, rollers and mops",,,,,,,,,,,,,y,,,,,,,,,
bubble wrap,y,y,,,,,,y,,,,y,y,,y,y,,,y,,,y
bubble wrap -,,,,,,,,,,,,,,,,,,,,,y,
bubblewrap,,,,,,y,,,,,,,,,,,,y,,,,
buckets,,,,,,,,,,,,,y,,,,,,,,,
"buckets, old washing up tubs/bowls",,,,,,,,,,,,,,,y,,,,,,,
building material,,,,,,,,,,,,,y,,,,,,,,,
building materials,y,,,,,,,,,,,,,,,y,,y,y,,,
building materials- corrugated iron,,y,,,,,,,,,,,,,,,,,,,,
building materials/rubble,,,y,,,,,,,,,,,,,,,,,,,
building waste,,,,,,,,,,,,y,,,,,,,,y,,
bulbs,,,,,,,,y,,,,,,,,,,,,,,y
bulky household,,,,,,,,,,,,,,,,y,,,,,,
bulky household items,,,,,,y,,,,,,,,,,,,,,,,
bulky household waste,,,,,,,,y,,,,,,,,,,,,,,y
bulky or large household waste,,,,,y,,,,,,,,,,,,,,,,,
bulky refuse,,,,y,,,,,,,,,,,,,,,,,,
bulky rigid plastics,,,,,,,,,,,,,,,,,,,y,,,
bulky waste,,,,,,,,,,,,y,,,,,,,,,,
business waste,,,,,,,,,,,,y,,y,,y,,,y,,y,
buttons,,,,,,,,,,,,,y,,,,,y,,,,
cages & hutches,y,,,,,,,,,,,,,,,,,,,,,
camera film,,,,,,,,,,,,,,,,,,,,,y,
cameras,,,,,y,,,,,,,y,,,,y,,,,,,
cameras               ,y,,,,,,,,,,,,,,,,,,,,,
camping gas cylinders,,,,,,y,,,,,,,,,,,,,,,,
candle stubs,,,,,,,,,,,,,,,,,,,,,y,
candles,,y,,,,,,,,,,,,,y,,,,,,,
cannot,,,,,,,,,,,,,,,,,,,,,y,
cans,y,,y,y,,y,,y,,,,y,,y,y,y,,y,y,,y,y
cans (drink),,y,,,,,,,,,,,,,,,,,,,,
cans (food and drink cans),,,,,,,,,,,,,y,,,,,,,,,
cans (food),,y,,,,,,,,,,,,,,,,,,,,
cans (metal drinks cans and food tins),,,,,,,,,y,,,,,,,,,,,,,
cans / tins,,,,,y,,,,,,,,,,,,,,,,,
car batteries,,,,,,y,,,,,,y,y,y,,,,y,,y,y,
car oil,,,,,,,,,y,,,,,,,,,,,,,
car parts,,,,,,,,,,,,,,y,,,y,,,,,
car parts ,,,,,,,,,,,,,,,,,,,y,,,
caravan,,,,,,,,,,,,,,y,,,,,,,,
caravans,,,,,,,,,,,,,,,,,,,,y,,
card / cardboard,,,,,,,,,,,,,,y,,,,,,,,
card and cardboard,,,,,,,,,y,,,,,,,,,,,,,
cardboard,y,y,y,y,,,y,y,,,,y,y,,,y,y,y,,,y,y
cardboard (all types),,,,,y,,,,,,,,,,,,,,,,,
cardboard (all varieties),,,,,,,,,,,,,,,,,,,,y,,
"cardboard (cereal boxes, corrugated boxes, toilet tubes,shiny card so long as it will tear - remove any tape)",,,,,,,,,,,,,,,y,,,,,,,
cardboard cartons,,,,,,,,,,,,y,,,,,,,,,,
cardboard packaging,,,,,,y,,,,,,,,,,,,,,,,
cardboard packets lined with metal e.g. gravy granules or cocoa powder,,,,,,,,,,,,,,,y,,,,,,,
cardboard tubes (from kitchen or toilet roll),,,,,,,,,,,,,,,y,,,,,,,
cardboard and paper,,,,,,,,,,,,,,,,,,,y,,,
cards,y,,y,y,,y,,,,,,,,,,y,,,y,y,,
"cards (birthday, greeting etc)",,,,,,,,,,,,y,,,,,,,,,,
cards/greetings cards,,,,,,,,,,,,,,y,,,,,,,,
carpet,,,,,y,,y,,,,,,,,,,,,,,,
carpet and underlay,,,,,,,,,,,,,,,,,,,,,y,
carpets,y,,y,y,,y,,y,,,,y,,,,y,y,y,y,,,y
carpets & underlay,,,,,,,,,,,,,,y,,,,,,,,
carpets and rugs,,,,,,,,,,,,,y,,,,,,,y,,
carrier bags,y,,y,y,,,,,y,,,y,y,,y,,,y,,y,,
carrier bags (plastic),,y,,,,,,,,,,,,,,,,,,,,
carrier bags ,,,,,,,,,,,,,,,,,,,y,,,
cars,y,,,y,,,,,y,,,,,y,,,,y,,,,
cars (end of life vehicles),,,,,,,,,,,,,,,,,,,,y,,
cars and car parts,,,,,y,,,,,,,,,,,,,,,,,
cars ,,,,,,,,,,,,,,,,,,,y,,,
cartons,y,,y,,,,y,y,,,,,y,,,y,y,y,y,y,,y
cartons (drink or food),,,,,y,,,,,,,,,,,,,,,,,
"cartons (juice, custard etc)",,,,,,,,,,,,,,,,,,,,,y,
cartons (juice/soup),,,,,,,,,,,,,,,y,,,,,,,
cartons (tetra pak),,,,y,,,,,,,,,,,,,,,,,,
cartons for juice and food,,,,,,,,,,y,,,,,,,,,,,,
cartridges,y,,,,,,,,,,,,,,,,,,,,,
cartridges (inkjet and toner),,,,,,,,,y,,,,,,,,,,,,,
cartridges (toner),,,,,,,,,,,,,,,,y,,,,,,
"cartridges - ink jet, toner and laser",,,y,,,,,,,,,,,,,,,,,,,
car batteries ,,,,,,,,,,,,,,,,,,,y,,,
cassette and video tapes,,,,,,,,,,,,,,,,,y,,,,,
cassette players,,,,,,,,,,,,,,,,,,y,,,,
cassette tapes,,,,,,,,,y,,,,,,,,,,,,,
cassette tapes (plus cases),,,,,,,,,,,,,,,y,,,,,,,
cassette tapes - audio,,,y,,,,,,,,,,,,,,,,,,,
cassettes,,,,,,,,,,,,,y,y,,,,,,,,
"cassettes, cds, videos and dvds",,,,,y,,,,,,,,,,,,,,,,,
cat / dog faeces,,,,,,,,,,,,,,y,,,,,,,,
cat food,,y,,,,,,,,,,,,,,,,,,,y,
cat food packaging,,y,,,,,,,,,,,,,,,,,,,,
cat food pouches,,,,,,,,,,,,,,,,,,,,,y,
cat food pouches (with silver lining),,,,,,,,,,,,,,,y,,,,,,,
cat litter,,y,,,,y,,,,,,,y,,y,,,y,,,,
cat litter and waste,,,,,,,,,,,,,,,,,,,,,y,
catalogues,,,,,,y,,,,,,y,y,,y,y,,y,y,y,,
catalogues/directories,,,,,,,y,,,,,,,,,,,,,,,
cd,,y,,,,,,,,,,,,,,,,,,,,
cd & dvd players,,,,,,,,,,,,,,,,,,y,,,,
cd cases,,,,,,,,,,,,,,,y,,,,,,,
cd's & dvd's,,,,,,,,,,,,,,,,,,y,,,,
cds,y,,,,,,,y,y,,,y,y,,y,,,,,,,y
cds / dvds/ records and floppy discs,,,,,,,,,,,,,,y,,,,,,,,
cds and dvds,,,,,,y,,,,,,,,,,y,y,,,,y,
"cds, tapes, videos and dvds",,,,,,,,,,,,,,,,,,,,y,,
cds/dvds/videos/records,,,,,,,,,,,,,,,,,,,y,,,
cd’s/dvd’s/books,,,,,,,y,,,,,,,,,,,,,,,
cellophane,,,,,,,,,,,,,,,y,,,,,,,
cement / concrete,,,,,,,,,,,,,,y,,,,,,,,
ceramics,y,,,,,y,,,,,,,,,,y,,,,,y,
ceramics and china,,,,,y,,,,,,,,,,,,,,,y,,
ceramics and crockery,,,,,,,,,,y,,,,,,,,,,,,
ceramics ,,,,,,,,,,,,,,,,,,,y,,,
cereal boxes,y,,,,,,,y,,,,y,,,y,,,,y,,,y
cereal packets - inner liners (plastic),,,,,,,,,,,,,,,y,,,,,,,
chairs,,,,,,,,,,,,,,,,,,y,,,,
charity waste,,,,,,,,,,,,,,y,,,,,,,,
chemicals,y,,,,,,,,,,,y,,,,y,y,y,,y,y,
chemicals (hazardous),,,,,y,,,,,,,,,,,,,,,,,
"chemicals including oil, paint and pesticides",,,,,,,,,,y,,,,,,,,,,,,
chemicals ,,,,,,,,,,,,,,,,,,,y,,,
chest freezers,,,,,,,,,,,,,,,,,,y,,,,
chest of drawers,,,,,,,,,,,,,,,,,,y,,,,
chewing gum,,,,,,,,,,,,,,,y,,,,,,,
chicken carcass,,y,,,,,,,,,,,,,,,,,,,,
chicken carcasses,,,,,,,,,,,,,,,,,,,,,y,
child car seats,,,,,,,,,,,,,,y,,,,,,,,
children's clothes and toys,,,,,,,,,,y,,,,,,,,,,,,
children's toys,y,,,,,,,y,,,,y,,,,,,,,,,y
children's toys ,,,,,,,,,,,,,,,,,,,y,,,
children’s toys,,,,,,,,,,,,,y,,,,,,,,,
china,,,,,,,,,,,,y,,,,,,,y,,,
china and crockery,,,,,,,,,,,,,,,,,y,,,,,
china plates and ornaments,,,,,,,,y,,,,,,,,,,,,,,y
chipboard,,,,,,,,,,,,,y,,,y,,,,,,
chipboard and plasterboard,,,,,,,,,,,,y,,,,,,,,,,
christmas / greeting cards ,,,,,,,,,,,,,,,,,,,,,y,
christmas and birthday cards,,,,,,,,,,,,,y,,,,,,,,,
christmas cards,,y,y,,,,,,,,,,,,,,y,y,y,,,
"christmas cards (if heavily decorated with glitter, foil etc)",,,,,,,,,,,,,,,y,,,,,,,
christmas cards (plain),,,,,,,,,,,,,,,y,,,,,,,
christmas cards and paper,,,,,,,,y,,,,y,,,,,,,,,,y
christmas collections,,,,,,,,,,,,y,,,,,,,,,,
christmas decorations,,,,,,y,,,,,,,,,,,,y,,,,
"christmas decorations (baubles, tinsel etc.)",,y,,,,,,,,,,,,,,,,,,,,
christmas tree lights,,,,,,,,,,,,,,,,,,y,,,,
christmas trees,,,y,y,,y,,,y,,,y,y,y,,y,y,y,y,y,,
christmas trees (real) ,,,,,,,,,,,,,,,,,,,,,y,
"christmas trees (real, cut up first)",,,,,,,,,,,,,,,y,,,,,,,
cigarette ends,,,,,,,,,,,,,,,y,,,,,,,
civic amenity sites,,,,,,,,y,,,,,,,,,,,,,,y
cleaning products,y,,,,,,,,,,,,,,,,,,,,,
cling film,y,y,,,,,,y,,,,,,,y,,,,y,,,y
cling film - ,,,,,,,,,,,,,,,,,,,,,y,
clingfilm,,,,,,,,,,,,y,y,,,y,,y,,,,
clingfilm cannot be recycled,,,,,,,,,,,,y,,,,,,,,,,
clinical household waste,,,,,,,,,,,,y,,,,,,,,,,
clinical waste,y,y,,y,,y,,y,,,,,,y,,,,y,,,y,
clinical waste ,,,,,,,,,,,,,,,,,,,y,,,
clinical/healthcare,,,,,,,,,,,,,,,,,y,,,,,
clocks and watches,,,,,,,,,,,,,y,,,,,,,,,
cloth nappies,,,,,,,,,,,,,,,,,,y,,,,
clothes,y,,y,y,,,,y,,,,,,,,,,y,,,y,y
clothes / coat hangers,,,,,,y,,,,,,,,,,,,,,,,
clothes and textiles,,,,,,y,,,,,,,,,,,,,,,,
clothes hangers,y,,,,,,,,,,,,,,,,,y,y,,,
"clothes, textiles and shoes",,,,,,,,,,,,,,,y,,,,,,,
clothing,,,,,,,,,,,,,,y,,y,y,,y,,,
clothing & textiles,,,,,,,,,,,,,,,,,,y,,,,
clothing and textiles,,,,,,,,,,,,y,,,,,,,,y,,
"clothing, textiles and shoes",,,,,,,,,,,,,y,,,,,,,,,
coal ash:,,,,,,,,,,,,,,,,,,,,,y,
coat hanger (metal),,y,,,,,,,,,,,,,,,,,,,,
coat hanger (plastic),,y,,,,,,,,,,,,,,,,,,,,
coat hangers,,,,,,,,,y,,,,y,,,,,,,,,
coat hangers (plastic or wire),,,,,,,,,,,,,,,y,,,,,,,
coffee beans,,y,,,,,,,,,,,,,,,,,,,,
coffee cups,,,,,,,,y,,,,,,,,,,,,,,y
coffee grounds,y,,,,,,,,,,,y,y,,y,,,,,,y,
coffee packaging,,,,,,,,,y,,,,,,,,,,,,,
coffee pods (separate plastic and foil),,,,,,,,,,,,,,,y,,,,,,,
coffee pods/capsules,,,,,,,,,,,,,,,,,,y,,,,
coins,y,,,,,,,y,,,,y,,,,y,,,y,,,y
coins (foreign & old),,,,,,,,,,,,,,,,,,y,,,,
coins (foreign and old),,,,,,,,,y,,,,,,,,,,,,,
coins and stamps,,,,,,,,,,,,,,,,,,,,y,,
commercial waste,,,,,,,,,,,,y,,,,,y,,,,,
commercial waste - clinical waste disposal,,,,,,,,,,,,y,,,,,,,,,,
commercial waste and recycling,,,,,,,,,,,,,,,,,,,,,y,
compact discs,,,,y,,,,,,,,,,,,,,,,,,
compact discs and dvds,,,y,,,,,,,,,,,,,,,,,,,
composite materials,,,,,,,,,,,,,,,,y,,,,,,
compost,,,,,,y,,,,,,,,,,,,,y,,,
compost bags,,,,,,,,,,,,,,,,,,,,,y,
compostable packaging/bags,,,,,,,,,,,,,,,y,,,,,,,
composting,,,,y,,,,y,,,,y,,,,,,,,y,,y
computer,,y,,,,,,,,,,,,,,,,,,,,
computer consumables,,,,,,,,,,,,,,,,,y,,y,,,
computer equipment,,,,,,,,,,,,,,,,,,,,y,,
computer monitors,,,,,,,,,,,,,,,,,,y,,,,
computers,y,,y,y,,y,,y,y,,,y,,y,,y,,y,y,,,y
computers and pcs,,,,,,,,,,,,,y,,,,,,,,,
"computers, computer monitors and printers (weee)",,,,,,,,,,,,,,,,,y,,,,,
"computers, laptops & monitors",,,,,,,,,,,,,,,,,,,,,y,
confidential waste,,,,,,,,,,,,y,,,,,,,,,,
confidential papers ,,,,,,,,,,,,,,,,,,,y,,,
construction waste,,,,,,,,,,,,,,,,,,,y,,,
contamination,,,,,,,,y,,,,,,,,,,,,,,y
cooked food,,,,,,,,,,,,,,,,,,,,,y,
cooked meat,,,,,,,,,,,,y,,,,,,,,,,
cookers,y,,y,y,,,,,,,,,y,,,y,y,y,,y,,
cookers / ovens,,,,,y,,,,,,,,,y,,,,,,,,
cooking oil,y,y,y,,,y,,,,,,y,y,y,y,y,y,y,y,y,y,
"cooking pans, trays and utensils",,,,,,,,,,,,,y,,,,,,,,,
copper,,,,,,,,,,,,,,,,y,,,,,,
cork,,,y,,,,,,,,,,,,,,,,y,,,
corks,y,,,,,y,,y,,,,,,,,y,,y,,y,,y
corks (real or plastic),,,,,,,,,,,,,,,y,,,,,,,
corksnatural corks,,,,,,,,,,,,,,,,,,,,,y,
cosmetics and toiletries,,,,,,,,,,,,,,,,,,,y,,,
costa cups,,,,,,,,,,,,,,,y,,,,,,,
costa lids,,,,,,,,,,,,,,,y,,,,,,,
cotton buds,,,,,,,,,,,,,,,y,,,,,,,
cotton reels,,,,,,,,,,,,,,,y,,,,,,,
cotton wool,,y,,,,,,,,,,,,,y,,y,,,,y,
covers,,,,,,,,,,,,,,,,y,,,,,,
creosote,,,,,,,,,,,,,,y,,,,,,,,
crisp packet,,y,,,,,,,,,,,,,,,,,,,,
crisp packets,,,,,,,,,,,,,y,,y,,,y,,,y,
crisp packets and sweet bags,,,,,,,,,,,,,y,,,,,,,,,
crockery,y,y,y,,,,,,,,,,,,,,,,y,,,
crockery & cutlery,,,,,,,,,,,,,,,,,,y,,,,
crockery (broken),,,,,,,,,,,,,,,y,,,,,,,
crockery and cutlery,,,,,,,,,,,,,y,,,,,,,,,
crutches,y,,,,,,,,,,,,,,,,,,,,,
cupboards,,,,,,,,,,,,,,,,,,y,,,,
currency ,,,,,,,,,,,,,,,,,,,y,,,
curtains,y,,y,,,,,,,,,,y,y,,,,y,y,,y,
cushions,,,,,,,,,,,,,,,,y,,y,,,,
cushions covers,,,,,,,,,,,,,,,,y,,,,,,
cutlery,,,,,,,,,,,,,,,,y,,y,y,,y,
dead animals,,,,,,,,,,,,,,y,,,,,,,,
dead animals ,,,,,,,,,,,,,,,,,,,y,,,
degreasers,,,,,,,,,,,,,,y,,,,,,,,
descalers,,,,,,,,,,,,,,y,,,,,,,,
detergent / cleaning products,,,,,y,,,,,,,,,,,,,,,,,
diesel,,,,,,,,,,,,,,,,,,,y,,,
diesel & petrol,,,,,,,,,,,,,,,,,,y,,,,
directories,,,,,,,,,,,,,y,,,,,,y,,,
diseased plants,,,,,,,,,,,,,,,,,,,y,,,
dishwashers,,,,,,,,,,,,,y,y,,y,,y,,,,
disposable cutlery/plates (card or plastic only),,,,,,,,,,,,,,,y,,,,,,,
disposable nappies,,,,,,,,,,,,y,y,y,,,,,y,,,
disposable plastic drinking cups (not polystyrene),,,,,,,,,,,,,,,y,,,,,,,
disposable razor blades,,,,,,,,,,,,,,,y,,,,,,,
diy equipment,,,,,,,,,,,,,,,,,,y,,,,
diy materials,,,y,,,,,,,,,,,,,,,,,,,
diy waste,,,,,,y,,,,,,,y,y,,,y,y,y,,y,
dog / cat poo,,,,,y,,,,,,,,,,,,,,,,,
dog food,,y,,,,,,,,,,,,,,,,,,,y,
dog waste,,,,,,,,,,,,,,,,,,,,,y,
domestic appliances,,,,y,,,,,,,,,y,,,,,,,y,,
domestic batteries,,,,y,,,,,,,,,,,,,,,,,,
donate,,,,,,,,,,,,y,,,,,,,,,,
doors,,,,,,,,,,,,,,y,,,y,y,y,,,
doorstep recycling,,,,,,,,y,,,,,,,,,,,,,,
drain cleaners,,,,,,,,,,,,,,y,,,,,,,,
drain pipes,,,,,,,,,,,,,,,,,y,,,,,
drink cans,,,,,,,,,,,,,,,,,,y,,,,
drink cartons,,,,,,,,,,,,,,,,,,y,,,y,
drinking glass,,y,,,,,,,,,,,,,,,,,,,,
drinking straws,,,,,,,,,,,,,,,,,,,,,y,
drinks and liquid food cartons,,,,,,,,,,,,,,,,y,,,,,,
drinks bottles and cans,,,,,,,,y,,,,,,,,,,,,,,y
drinks cans,,,,y,,,,,,,,y,y,,,,,,y,,,
drinks cartons,,y,,,,,,,,,,y,y,,,,y,,y,,,
drugs or medicines,,,,,y,,,,,,,,,,,,,,,,,
dumped rubbish,,,,,,,,,,,,,,,,y,,,,,,
dust,,,,,,,,,,,,y,,,,,,,,,,
duvets,,,y,,y,y,,,y,,,,,,,y,,,,,,
duvets & pillows,,,,,,,,,,,,,,,y,,,y,,,,
duvets and pillows,,,,,,,,y,,,,y,,,,,y,,,,y,y
duvets and pillows,,,,,,,,,,,,,,,,,,,y,,,
dvd & cd players,,,,,,,,,,,,,,,,,,y,,,,
dvd cases,,,,,,,,,,,,,,,y,,,,,,,
dvd players,,,,,,,,,,,,,y,,,,,,,,,
dvd players / video recorders,,,,,,y,,,,,,,,,,,,,,,,
dvd's & cd's,,,,,,,,,,,,,,,,,,y,,,,
dvds,,,,,,,,,y,,,,y,,,y,y,,,y,y,
dvds /cds/videos/records,,,,,,,,,,,,,,,,,,,y,,,
dvds and cds,,,,,,y,,,,,,,,,,,,,,,,
dvds and videos,,,,,,,,,,,,y,,,,,,,,,,
eat,,,,,,,,,,,,,,,,,,,,,y,
egg boxes,,,y,,,,,,,,,y,,,,y,,y,,y,,
egg boxes (cardboard only),,,,,,,,,,,,,,,y,,,,,,,
egg boxes (cardboard),,,,,y,,,,,,,,,,,,,,,,,
egg boxes (plastic and cardboard),,,,,,,,,,,,,y,,,,,,,,,
egg boxes (plastic),,,,,,,,,,,,,,,y,,,,,,,
egg boxes (polystyrene),,,,,,,,,,,,,,,y,,,,,,,
egg cartons (plastic) (cardboard),,,,,,,,,,,,,,,,,,,y,,,
egg shells,,y,,,,,,,,,,y,y,,y,,,y,y,y,,
egg-boxes,,,,,,y,,,,,,,,,,,,,,,,
eggshells,,,,,,,,,,,,,,,,,,,,,y,
egg boxes,,,,,,,,y,,,,,,,,,,,,,,y
elastic bands,,,,,,,,,,,,y,,,,,,,,,,
electric goods and electric cables,,,,,,,,,,,,,,,,,,,,,y,
electrical appliances,,,,,,y,,,y,,,,,,,y,,,,,,
electrical cable,,,,,y,,,,,,,,,,,,,,,,,
electrical equipment,,,,,,,,,,,,y,,,,,,,,,,
electrical goods,,,y,,,,,y,,,,,y,,,,,,,,,y
"electrical goods including televisions, fridges, hairdryers and toys",,,,,,,,,,y,,,,,,,,,,,,
"electrical goods, electrical and electronic equipment",,,,,,,,,,,,,,,,,,,y,,,
electrical item (large),,y,,,,,,,,,,,,,,,,,,,,
electrical item (small),,y,,,,,,,,,,,,,,,,,,,,
electrical items,,,,,y,,y,,,,,,y,y,y,,y,y,,,,
electricity,,,,,,,,y,,,,,,,,,,,,,,y
electronic equipment ,y,,,,,,,,,,,,,,,,,,,,,
electronic games,,,,,,,,,,,,,,,,,,y,,,,
electronic goods,,,,,,,,,,,,,,,,,,,,y,,
end of life vehicles,,,,,,,,,,,,,,,,,,,y,,,
"energizer uk, freepost lol 2311, dunstable, bedfordshire lu5 4yy;",y,,,,,,,,,,,,,,,,,,,,,
energy efficient light bulbs,,,,,,,,,,,,y,,,,,,,,,,
energy saving light bulbs,,,,,,,,,,,,,y,y,,,,,y,y,,
energy-saving bulbs,,,,,,,,,,,,,,,,,,y,,,,
engine filters           ,,,,,,,,,,,,,,,,,,,,,y,
engine oil,,,y,,,y,,,,,,y,y,y,y,y,,y,y,y,y,
engine oil and engine filters,,,,,,,,,,,,,,,,,y,,,,,
envelopes,,y,y,y,y,y,y,y,y,,,y,y,,,y,,y,y,y,,y
envelopes -,,,,,,,,,,,,,,,,,,,,,y,
envelopes - brown (without windows only),,,,,,,,,,,,,,,y,,,,,,,
envelopes - white or coloured (with or without windows),,,,,,,,,,,,,,,y,,,,,,,
environment action line,,,,,,,,y,,,,,,,,,,,,,,
environmental groups,,,,,,,,y,,,,,,,,,,,,,,
estates,,,,,,,,y,,,,,,,,,,,,,,
explosives,,,,,,,,,,,,,,y,,,,,y,,,
eye glasses,,,,,,,,,,,,,,,,,,,y,,,
fabric,,,y,,,,,,y,,,,,,,,,,,,,
fabric or material,,,,,y,,,,,,,,,,,,,,,,,
fabrics,,,,,,,,y,,,,y,,,,,,y,,,,y
facial wipes,,y,,,,,,,,,,,,,,,,,,,,
fat,,,,,,y,,y,,,,y,,,,,,y,,,y,y
fat / oil for cooking,,,,,,,,,,,,,y,,,,,,,,,
fat- cooking,,y,,,,,,,,,,,,,,,,,,,,
fax junk mail,,,,y,,,,,,,,,,,,,,,,y,,
faxes,,,,,,,,y,,,,,,,,,,,,,,y
feathers,,,,,,,,,,,,,,,y,,,,,y,y,
feminine hygiene products,,,,,,,,,,,,,,,,,,,y,,,
fence or shed treatments / preservers,,,,,,,,,,,,,,y,,,,,,,,
fence panels,,,,,,,,,,,,,,y,,,,,,,,
fencing panel and posts ,,,,,,,,,,,,,,,,,,,y,,,
fertilisers,,,,,,,,,,,,,,y,,,,,,,,
fibreglass,,,,,,,,,,,,,,y,,,,,,,,
filters,,,,,,,,y,,,,,,,,,,,,,,y
filters (water),,,,,,,,,,,,,,,,,,y,,,,
financial times,,,,,,,,,,,,,,,y,,,,,,,
fire alarms,,,,,,,,,,,,,,,,,,y,,,,
fire extinguishers,,,,,y,,,y,y,,,,,y,,y,y,y,,y,y,y
fire extinguishers ,,,,,,,,,,,,,,,,,,,y,,,
fireplaces,,,y,,,,,,,,,,,,,,,,,,,
fireworks,,,,,,,,,,,,,,y,,,,,y,,,
fireworks ,,,,,,,,,,,,y,,,,,,,,,,
fish,,,,,,,,,,,,,,,,,,,,,y,
fish bones,,y,,,,,,,,,,,,,,,,,,,,
fish tanks/aquariums,,,,,,,,,,,,,,y,,,,,,,,
"fitted furniture (e.g. wardrobes, kitchen cupboards) ",,,,,,,,,,,,,,,,,,,y,,,
fizzy drinks bottles,,,,,,,,,,,,,,,,y,,,,,,
flats,,,,,,,,y,,,,,,,,,,,,,,y
floor tiles,,,,,,,,,,,,,,y,,,,,,,,
flooring,,,,,,,,,,,,,,,,,,,y,,,
floppy disks,,,,,y,,,,,,,,,,,,,,,,,
flower pots - plastic (small only),,,,,,,,,,,,,,,y,,,,,,,
flowers,,,,,,,,,,,,,,,y,,,,,,y,
flowers and plants,,,,,,,,,,,,,y,,,,,,,,,
fluorescent light tubes,,,,,,,,,,,,,,,,y,,,y,,,
fluorescent tube lights,,,,,,,,,,,,y,,,,,,,,,,
fluorescent tubes,,y,y,,,y,,,,,,,,y,,,,y,,y,,
fluorescent tubes (weee),,,,,,,,,,,,,,,,,y,,,,,
fluorescent tubes and energy saving light bulbs,,,,,,,,,y,,,,,,,,,,,,,
fluorescent tubes    ,,,,,,,,,,,,,,,,,,,,,y,
flyaway plastics,,,,,,,,,,,,,,,,,,,,,y,
foam food trays and food packaging,,,,,,,,,,,,,,,y,,,,,,,
foil,,y,,y,,y,,y,,,,y,y,y,,,y,y,y,y,y,y
foil (not crisp packets),,,y,,,,,,,,,,,,,,,,,,,
"foil (such as aluminium foil, clean milk bottle tops and pie trays)",,,,,,,,,y,,,,,,,,,,,,,
foil and foil trays (clean),,,,,y,,,,,,,,,,,,,,,,,
foil trays,,y,,,,,,,,,,,,,,,,,,,,
"foil, including takeaway trays",,,,,,,,,,,,,,,y,,,,,,,
foil/plastic wrapping eg crisp packets,,,,,,,,,,,,,,,y,,,,,,,
food,,,,,,,,y,,,,y,,,,,y,,,,y,y
food & drink cartons,,,,,,,,,,,,,,,,,,y,,,,
food and drink cans,,,,,,,,,,,,,,,,,,,,y,,
food blender / mixer,,,,,,,,,,,,,,,,,,y,,,,
food from kitchen caddies,,,,,y,,,,,,,,,,,,,,,,,
food packaging,,,,,,,,,,y,,,,,,,,,,,,
food sachets (eg. powdered sauces),,,,,,,,,,,,,y,,,,,,,,,
food tins & drink cans,,,,,,,,,,,,,,,,,,y,,,,
food waste,,,y,y,y,y,y,,,y,,,y,y,,y,,y,y,y,,
food waste (cooked or uncooked),,,,,,,,,,,,,,,y,,,,,,,
foreign coins,,,,y,,,,,,,,,,,,,,,,,,
foreign currency,,,,,,,,,,,,,,,,,,,y,,y,
freecycle website,,,,,,,,,y,,,,,,,,,,,,,
freezers and fridges,,,,,,,,y,,,,,,,,,,,,,,y
fridge/freezer,,y,,,,,,,,,,,,,,,,,,,,
fridge/freezers,,,,,,,,,,,,,,,,,,,y,,,
fridges & freezers,,,,,,,,,,,,,,,,,,y,,,,
fridges and freezers,,,y,y,y,y,,,,,,y,y,y,,y,,,,y,,
fridges or freezers,,,,,,,,,,,,,,,,,y,,,,,
fridges or freezers ,,,,,,,,,,,,,,,,,,,,,y,
frozen food bags,,,,,,,,,,,,,y,,,,,,,,y,
fruit & vegetable peelings,,,,,,,,,,,,y,,,,,,,,,,
fruit and vegetables,,,,,,,,,,,,,,,,,,,,,y,
fruit and vegetable peelings,,,,,,,,,,,,,,,,,,,y,,,
fungicides,,,,,,,,,,,,,,y,,,,,,,,
furniture,,,y,y,y,y,y,y,y,y,,y,y,y,,y,,y,y,y,y,y
furniture (eg old sofas),,,,,,,,,,,,,,,,,y,,,,,
games,,,,,,,,,y,,,,,,,,,,,,,
games & toys,,,,,,,,,,,,,,,,,,y,,,,
games and toys,,,,,,,,,,,,,,,,,,,y,,,
garden chemicals,,,,,,y,,y,,,,,y,,,,y,y,y,,,y
garden chemicals -,,,,,,,,,,,,,,,,,,,,,y,
garden furniture (plastic) (metal) (wood),,,,,,,,,,,,,,,,,,,y,,,
garden shed ,,,,,,,,,,,,,,,,,,,y,,,
garden tools,,,,,y,,,,,,,,,y,,,,,,y,,
garden waste,,,y,y,,y,y,y,y,y,,y,y,,,y,y,y,y,y,,y
garden waste (grass cuttings),,,,,,,,,,,,,,,,,,,,,y,
garden waste or green waste,,,,,,,,,,,,,,y,,,,,,,,
gardening tools,,,,,,,,,,,,,,,,,,y,,,,
gas bottles,,,,,,,,y,,,,,,,,,y,y,y,y,y,y
gas bottles and cylinders,,,,,,,,,,,,,,y,,,,,,,,
gas cylinders,,,y,,y,,,,,y,,y,,,,,,,,,,
gas cylinders or bottles,,,,,,,,,,,,,,,,y,,,,,,
gift & toy packaging,,,,,,,,,,,,,,,,,,y,,,,
gift wrap,,,,,,,,,,,,,y,,,,,,,,,
gift wrapping paper,,,,y,,,,,,,,,,,,,,,,,,
gift-wrap,,,,,,,,,,,,,,,,,,y,,,,
giftwrap,,,,,,y,,,,,,,,,,,,,,,,
gift wrap,,,,,,,,y,,,,,,,,,,,,,,y
glass,,,,,,y,,y,y,y,,,,y,,y,,y,y,y,y,y
glass (bottles and jars),,,,,y,,,,,,,,,,,,,,,,,
glass (broken),,y,,,,,,,y,,,,,,,,,,,,,
glass (cookware),,,,,,,,,y,,,,,,,,,,,,,
glass (sheets),,,y,,,,,,,,,,,,,,,,,,,
glass (window frames),,,,,,,,,y,,,,,,,,,,,,,
glass (windows/pyrex),,,,,y,,,,,,,,,,,,,,,,,
glass - other,,,,,,,,,,,,,,,,,y,,,,,
glass baby food jars,,,,,,,,,,,,,y,,,,,,,,,
glass bottles & jars,,y,,,,,y,,,,,,,,,,,,,,,
glass bottles and jars,,,y,y,,,,,,,,y,,,y,,,,,,,
glass bottles and jars:,,,,,,,,,,,,,y,,,,,,,,,
glass bottles from health and medical products,,,,,,,,,,,,,y,,,,,,,,,
glass bottles or jars,,,,,,,,,,,,,,,,,y,,,,,
glass coffee jars,,,,,,,,,,,,,y,,,,,,,,,
glass malted drink or other bevarage jars,,,,,,,,,,,,,y,,,,,,,,,
glass panes,,,,,,,,,,,,y,,,,,,,,,,
glass spice and herb jars,,,,,,,,,,,,,y,,,,,,,,,
glass window,,y,,,,,,,,,,,,,,,,,,,,
glass: drinking glasses and broken glass,,,,,,,,,,,,,,,,,,,,,y,
glass: jars and bottles,,,,,,,,,,,,,,,,,,,,,y,
glasses,,,,,,,,y,,,,y,,,,,y,y,y,,,y
glasses (drinking glasses),,,,,,,,,,,,,y,,,,,,,,,
glasses (spectacles),,,,,y,,,,,,,,,,,,,,,,,
glasses - drinking,,,,,,,,,,,,,,,y,,,,,,,
glasses / spectacles,,,,,,,,,,,,,,,,,,,,,y,
glasses and spectacles,,,,,,,,,,,,,y,,,y,,,,,,
glasses/spectacles,,,y,,,,,,,,,,,,,,,,,,,
glow-sticks,,,,,,,,,,,,,,,,,,,,,y,
glue,,,,,,,,,,,,,y,y,,,,,,,,
grass,,,,,,,,,,,,y,,,,,,,,y,,
grass and plant material,,,,,y,,,,,,,,,,,,,,,,,
grass cuttings,,y,,,,,,y,,,,,y,,y,y,,,,,,y
grease-proof paper,,,,,,,,,,,,,,,y,,,,,,,
greaseproof paper,,,y,,y,,,,,,,,,,,y,,,,,,
green issues,,,,,,,,y,,,,,,,,,,,,,,y
greeting cards,,,,,,,,,,,,y,,,,,,,,,,
greetings cards,,,,y,,,,,y,,,,,,,,,y,y,y,,
greetings cards ( no glitter or foil trimmings),,,,,,,,,,,,,,,y,,,,,,,
guttering,,,,,,,,,,,,,y,,,,,,,,,
guttering/drain pipe/fascia/soffit,,,,,,,,,,,,,,,,,y,,,,,
gypsum,,,,,,,,,,,,,,,,,,,y,,,
gypsum waste,,,,,,,,,,,,,,,,,y,,,,,
hair,,,y,,,,,,,,,,,,y,,,,,y,y,
hair dryers,,,,,,,,,,,,,,,,,,y,,,,
hair straighteners,,,,,,,,,,,,,,,,,,y,,,,
hairdryers,,,,,,,,,,,,,y,,,,,,,,,
hand tools,,,,,,,,,y,,,,,,,,,,,,,
hangers,,,,,,,,,,,,y,,,,,,,y,,,
hard covers (from catalogues and books),,,,,,,,,,,,,,,y,,,,,,,
"hard plastic (childrens toys, storage boxes, recycling boxes)",,,,,,,,,,,,,,,y,,,,,,,
hard plastic recycling,,,,,,,,,y,,,,,,,,,,,,,
hard plastics,,,,,y,,,,,,,,,,,,,,,y,,
hardcore,,,,,,,,,,,,,,,,y,,,y,,,
hardcore & rubble,,,,,,,,,,,,,,,,,,y,,,,
hardcore and rubble,,,,,,,,,,,,,,,,,y,,,,y,
"hardcore, rubble and soil",,,,,,,,,,,,,,,,,,,,y,,
hats,,,y,,,,,,,,,,,,,,,,,,,
hay and straw,,,,,,,,,,,,,,,y,,,,,,,
hazardous household waste,,,,,,,,y,,,,,,,,,,,,,,y
hazardous substance,y,,,,,,,,,,,,,,,,,,,,,
hazardous waste,,,y,y,,,,,,,,y,,,,,,y,y,,,
hazardous waste -,,,,,,,,,,,,,,,,,,,,,y,
healthcare waste,,,,,,,,,,,,,y,,,,,,y,,,
hearing aids,,,y,y,,,,,,,,,,,,,,y,y,,,
hearing aids (working),,,,,,,,,y,,,,,,,,,,,,,
heating oil,,,,,,,,,,,,,,y,,,,,,,,
hedge cuttings,,,,,,,,,,,,,,,y,,,,,,,
hedge trimmers,,,,,,,,,,,,,,,,,,y,,,,
hedge trimmings,,y,,,,,,,,,,,,,,,,,,,,
holiday brochures,,,,,,,,,,,,,,,y,,,,,,,
home composting,,,,,,,,,,,,y,,,,y,,,,,,
hoover,,,,,,,,,,,,y,,,,,,,,,,
hoover contents -,,,,,,,,,,,,,,,,,,,,,y,
hooverbags and dust,,,,,,,,,,,,,,,y,,,,,,,
hoovers,,,,,,,,,,,,,,y,,,,,,,,
horse feed bags,,,,,,,,,,,,,,,,,,,,,y,
horse manure,,,,,,,,,,,,,,y,,,,,,,,
household chemicals,,,,,,,,,,,,y,,,,,,,y,,,
household cleaners,,,,,,,,,,,,,,,,y,,,,,,
household fire extinguishers,,,,,,,,,,,,,,,,y,,,,,,
household rubbish,,,,,,,,y,,,,,,,,,,,,,,y
household waste,,,,,,,,,,,,y,,y,,,,,,y,,
household waste recycling centres,,,,,,,,y,,,,,,,,,,,,,,y
houseplants,,,,,,,,,,,,y,,,,,,,,,,
hpde,,,,,,y,,,,,,,,,,,,,,,,
ice cream tubs,,y,,,,,,,,,,y,,,,,,,,,,
ice cream tubs ( rinse clean),,,,,,,,,,,,,,,y,,,,,,,
ice cube bags,,y,,,,,,,,,,,,,,,,,,,,
ice-cream containers,,,,,,,,,,,,,,,,y,,,,,,
incontinence pads,,y,,,,,,,,,,,,,y,,,,y,,,
infant milk and formula tins,,,,,,,,,,,,,y,,,,,,,,,
inhalers,,,,,,,,,,,,,,y,,,,y,,y,,
ink /printer cartridges,,,,,,,,,,,,,,y,,,,,,,,
ink cartridges,,,,y,,y,y,,,,,,,,,,,,y,y,,
ink cartridges and mobile phones,,,,,,,,,,y,,,,,,,,,,,,
ink jet cartridges,,,y,,,,,,,,,,,,,,,,,,,
ink-jet cartridges,,,,,,,,,,,,y,,,,,,,,,,
inkjet cartridges,,y,,,,,,y,,,,,,,,y,,y,,,,y
inner wrap from cereals,,,,,,,,,,,,,y,,,,,,,,,
insecticides,,,,,,,,,,,,,,y,,,,,,,,
ironing boards,,,,,,,,,,,,,,,,,,y,,,,
irons,,,,,,,,,,,,,y,,,,,y,,,,
issues,,,,,,,,,,,,,,,,,,,,,y,
it equipment,,,y,,,,,,,,,,,,,,,,,,,
items,,,,,,,,,,,,,,,,y,,,,,,
j cloths,,,,,,,,,,,,,,,y,,,,,,,
jam jar lids,,,y,,,,,,,,,,,,,,,,,,,
jam jars,,,,y,,,,,,,,,,,,,,,,,,
japanese knotweed,,,,,,,,,,,,,,,,,y,,y,,,
jar lids (metal),,y,,,,,,,,,,,,,,,,,,,,
jars,,,y,,,,,y,,,,y,,,,,,y,y,,y,y
jars (glass),,y,,,,,,,,,,,,,,,,,,,,
jewellery,,,,y,y,,,,,,,,y,,,,,y,,,y,
jiffy bag envelopes,,,,,,,,,,,,,,,y,,,,,,,
jiffy bags,,,y,,,,,,,,,,y,,,y,,,,,,
jigsaw puzzles,,,y,,,,,,,,,,,,,,,,,,,
jigsaws,,,,,,,,,,,,,,,,,,,y,,,
juice cartons,,y,,,,,,,,,,y,,,,,,,,,y,
junk faxes,,,,,,,,y,,,,,,,,,,,,,,y
junk mail,,,y,y,y,y,y,y,y,,,y,y,,y,y,,y,y,y,,y
kettles,,,,,,,,,,,,,,,,,,y,,,,
keyboards (musical),,,,,,,,,,,,,,,,,,y,,,,
keys (metal),,,,,,,,,,,,,,,,,,y,,,,
kitchen appliances,,,,,,,,,,,,,,,,,y,y,,,,
kitchen foil,,,y,,,,,,,,,,,,,,,y,y,,,
kitchen knives,,,,,,,,,,,,,,,,,,,,y,,
kitchen or toilet roll,,,,,,,,,,,,,,,,,,,,y,,
kitchen roll,,y,y,,,,,,,,,,,,,y,,y,,,,
kitchen roll cardboard tube,,y,,,,,,,,,,,,,,,,,,,,
kitchen roll tubes,,,,,,,,,,,,,y,,,,,,,,,
kitchen towel,,,,,,,,,,,,,,,,,,,,,y,
kitchen towels,,,,,,y,,y,,,,,,,y,,,,,,,y
kitchen waste,,,y,y,,,,,y,,,y,y,,,y,,,y,,,
kitchenware,,,,,,,,,,,,,,y,,,,,,,,
knitwear,,,y,,,,,,,,,,,,,,,,,,,
knives,,,,,,,,y,,,,,,y,,,,,y,,,
labels,,,,,,,,y,,,,y,,,,,,,,,y,y
laminate wood flooring,,,,,,,,,,,,,,y,,,,,,,,
lamps,,,,,,,,,,,,,y,,,,,y,,,,
landfill,,,,,,,,,,,,y,,,,,,,,,,
laptops,,,,,,,,,,,,,,y,,,,y,y,,,
large cardboard,y,,,,,,,,,,,,,,,,,,,,,
large electrical appliances,,,,,,,,y,,,,,,,,,,,,,,y
laser toner cartridges,,,,,,,,y,,,,y,,,,,,,,,,y
latex gloves,,,,,,,,,,,,,,,y,,,,,,,
lawn mowers,,,,,,,,,,,,,,,,y,,,,,,
lawn treatments,,,,,,,,,,,,,,y,,,,,,,,
lawnmowers,,,,,,,,,,,,,,y,,,y,y,,,,
leaflets,,,,,,,,,,,,,y,,,,,,,,,
leaves,,y,,,,y,,y,,,,y,y,,y,,,,,,y,y
leaves/leaf mulch,,,,,,,,,,,,,,,,,,,y,,,
letters,,,,,,,,y,,,,y,,,,,,,,,,y
lids,,,,,,,,y,,,,,,,,,,,,,,y
"lids (from bottles, plastic)",,,,,,,,,,,,,,,y,,,,,,,
lids (metal),,,,,y,,,,,,,,,,,,,,,,,
light bulbs,,,,y,y,,y,y,y,,,y,y,y,,,y,y,y,y,,y
light bulbs (energy saving),,y,,,,,,,,,,,,,y,,,,,,,
light bulbs (fluorescent tubes),,,,,,,,,,,,,,,y,,,,,,,
light bulbs (halogen),,,,,,,,,,,,,,,y,,,,,,,
light bulbs (led),,,,,,,,,,,,,,,y,,,,,,,
light bulbs (old style),,,,,,,,,,,,,,,y,,,,,,,
light bulbs (standard type),,y,,,,,,,,,,,,,,,,,,,,
light bulbs and light fittings,,,y,,,,,,,,,,,,,,,,,,,
light bulbs including fluorescent tubes,,,,,,,,,,y,,,,,,,,,,,,
light bulbs: low energy,,,,,,,,,,,,,,,,,,,,,y,
light bulbs: standard,,,,,,,,,,,,,,,,,,,,,y,
lightbulbs,,,,,,y,,,,,,,,,,y,,,,,,
lint (from tumble dryer),,,,,,,,,,,,,,,,,,,,,y,
liquid cartons/ tetra pak,,,,,,,,,,,,,,y,,,,,,,,
loft insulation,,,,,,,,,,,,,,y,,,,,,,,
loo rolls,,,,,,,,y,,,,,,,,,,,,,,y
low energy light bulbs,,,,,,,,,,,,,,,,y,,,,,,
lubricants,,,,,,,,,,,,,,y,,,,,,,,
magazines,,y,y,y,y,y,,y,,,,y,y,,y,,,y,y,y,,y
magnets,,,,,,,,,,,,,,,,,,,,,y,
mail,,,,,,,,,,,,y,,,,,,,,,,
mail (unwanted),,,,,,,,,,y,,,,,,,,,,,,
make up wipes,,,,,,,,,,,,,,,,,,,,,y,
make-up wipes,,y,,,,,,,,,,,,,,,,,,,,
margarine tub,,y,,,,,,,,,,,,,,,,,,,,
margarine tubs,,,,,,y,,,,,,y,y,,,,,,,,y,
material,,,,,,,,,,,,,,,,,,,,y,,
mattress,,y,,,,,,,,,,,,,,,,,,,,
mattresses,,,,,,,y,y,,y,,y,y,y,,,y,y,y,y,y,y
mdf,,,,,,,,,,,,,y,,y,,,,y,,,
meat tray (polystyrene),,y,,,,,,,,,,,,,,,,,,,,
medical equipment,,,,,,,,,,,,,,,,,,,y,,,
medical waste,,,,,,,,,,,,,,,,,,,,,y,
medicine,,,,,,y,,y,,,,y,y,,,y,,,,,y,y
medicines,,,y,y,,,,,,,,,,y,,,,y,y,y,,
metal,,,y,y,,,,y,y,,,y,,,,y,y,,y,y,,y
metals,,,,,,,,,,y,,,,,,,,,,,,
metals (iron /steel /lead),,,,,y,,,,,,,,,,,,,,,,,
metal ,,,,,,,,,,,,,,,,,,,,,y,
microwaves,,,,,y,,,,,,,y,y,y,,,,y,,,,
milk bottle tops (plastic),,y,,,,,,,,,,,,,,,,,,,,
milk bottles,,,,,,,,y,,,,y,,,,y,,y,,,y,y
milk bottles (glass and plastic),,,y,,,,,,,,,,,,,,,,,,,
milk bottles (plastic and glass),,,,,,,,,,,,,y,,,,,,,,,
milk bottles (plastic) (glass),,,,,,,,,,,,,,,,,,,y,,,
milk cartons,,y,,,,,,,,,,,,,,,,,,,,
milk containers (carton/tetrapak),,,,,,,,y,,,,,,,,,,,,,,y
milk containers (plastic),,,,,,,,y,,,,,,,,,,,,,,y
mirrors,,,,,,,,y,,,,y,y,,y,,,y,,,y,y
missed recycling collection,,,,,,,,y,,,,,,,,,,,,,,y
mobile phone,,y,,,,,,,,,,,,,,,,,,,,
mobile phones,,,y,,y,y,y,y,y,,,y,y,y,,y,,y,y,y,y,y
mobile phones (weee),,,,,,,,,,,,,,,,,y,,,,,
mobile phones and accessories,,,,y,,,,,,,,,,,,,,,,,,
monitors,,,y,,,,,,,,,,,,,y,,,,y,,
mortar,,,,,,,,,,,,,,,,y,,,,,,
moss,,,,,,,,,,,,,,,y,,,,,,,
motor oil,,,,,,,,,,,,y,,,,,,,,,,
mp3 players,,,,,,,,,,,,,,,,,,y,,,,
music and musical instruments,,,,,,,,,y,,,,,,,,,,,,,
musical instruments,,,,,,,,,,,,,y,,,,,y,,,,
nails (metal),,y,,,,,,,,,,,,,,,,,,,,
napkins/serviettes,,,,,,,,,,,,,,,y,,,,,,,
nappies,,y,y,y,y,y,,y,,,,y,y,,y,y,y,,y,y,y,y
nappies (disposable),,,,,,,,,,,,,,,,,,y,,,,
nappy waste and other absorbent hygiene products,,,,,,,,,,y,,,,,,,,,,,,
nb:,y,,,,,,,,,,,,,,,,,,,,,
needles,,,,,,,,,,,,,y,,,,,,,,,
needles and hypodermics,,,,,,,,,,,,,,,,y,,,,,,
nespresso capsules,,,,,y,,,,,,,,,,,,,,,,,
netting (plastic) e.g. orange nets,,,,,,,,,,,,,,,y,,,,,,,
newspaper,,y,y,,,,,,,,,,,,y,y,,,y,,,
newspapers,,,,y,y,y,,y,,,,y,y,,,,,y,,y,,y
newspapers & magazines,,,,,,,y,,,,,,,,,,,,,,,
newspapers/ magazines,,,,,,,,,,,,,,y,,,,,,,,
no service,,,,,,,,y,,,,,,,,,,,,,,y
non-ferrous metals,,,,,,,,,,,,,,,,y,,,,,,
none,y,,,,,,,,,,,,,,,,,,,,,
not,y,,,,,,,,,,,,,,,,,,,,y,
office equipment and furniture,,,,,,,,,,,,,,,,,,,y,,,
office furniture,,,,,,,,y,,,,,,,,,,,,,,y
office paper,,,,y,,y,,,,,,,,,y,,,,y,,,
"office paper, junk mail and newspapers",,,,,,,,,y,,,,,,,,,,,,,
oil,,,,y,,,y,y,,,,y,,,,y,y,y,y,y,y,y
oil (cooking oil or engine oil),,,,,,,,,,,,,y,,,,,,,,,
oil (cooking),,y,,,y,y,,,,,,,,,,,,,,,,
oil (engine),,,y,,y,,,,,,,,,,,,,,,,,
oil filters,,,y,,,,,,,,,,,,,,,,,,,
oil tanks,,,,,,,,,,,,,,y,,,y,,,,,
on this page,,,,,,,,,,,,,,,,,y,,,,,
organic waste,,,y,,,,,,,,,,,,,,,,y,,,
other,,,,,,,,,,,,,,,,,,,,,y,
oven cleaners,,,,,,,,,,,,,,y,,,,,,,,
oven tray,,y,,,,,,,,,,,,,,,,,,,,
ovens,,,,,,,,,,,,,,,,,y,y,,,,
packaging,,,,,,y,,y,,,,y,y,,,y,,,,,,y
packaging (food),,,,,,,,,,,,,,,,,,y,,,,
packaging (plastic) (paper)  (glass) (metal),,,,,,,,,,,,,,,,,,,y,,,
paint,,,y,y,y,y,,y,,,,y,,y,,y,y,y,y,y,y,y
paint (for disposal),,,,,,,,,y,,,,,,,,,,,,,
paint cans,,,,,,,,,,,,,y,y,,,,y,,,,
paint including varnishes and gloss (over half full),,,,,,,,,,,,,,,y,,,,,,,
paint pots,,,,,,,,,,,,,,,y,,,,,,,
paint tins,,,,,,,y,,,,,,,,,,,,,,,
paint tins (empty),,y,,,,,,,,,,,,,,,,,,,,
paint tins (full),,y,,,,,,,,,,,,,,,,,,,,
paintbrush cleaner /thinners,,,,,,,,,,,,,,y,,,,,,,,
pallets,,,,,,,,,,,,,,,,,,,,y,,
"panasonic, the resale department, panasonic uk ltd, panasonic house, willoughby road,bracknell, berkshire rg12 8ft",y,,,,,,,,,,,,,,,,,,,,,
pans,,,,,,,,,,,,,y,,,,,,,,,
paper,,,,,,y,,y,,,,,y,y,,y,y,y,,y,,y
paper (inc christmas wrapping paper),,,,,,,,,,,,,,,,,,,,,y,
"paper (office, mail, newspaper, magazines, white envelopes)",,,,,,,,,,,,,,,y,,,,,,,
paper (shredded),,,,,y,,,,,,,,,,,,,,,,,
paper (unshredded),,,,,y,,,,,,,,,,,,,,,,,
"paper (white, coloured, newspapers, envelopes)",,,y,,,,,,,,,,,,,,,,,,,
"paper - including brochures, catalogues, shredded paper,",,,,,,,,,y,,,,,,,,,,,,,
paper and card,,,,y,,,,,,,,,,,,,,,,,,
paper and cardboard,,,,,,,,,,y,,y,,,,,,,,,,
paper coffee cups,,,,,,,,,,,,,,,,,,y,,,,
paper cups & plates,,,,,,,y,,,,,,,,,,,,,,,
paper plates,,y,,,,,,,,,,,,,,,,,,,,
paper serviettes,,y,,,,,,,,,,,,,,,,,,,,
paper towels,,,,,,,,,,,,,,,,,,y,,,,
"paper, shredded",,,,,,,,,,,,,y,,,,,,,,,
paper and card,,,,,,,,,,,,,,,,,,,y,,,
papier mache,,y,,,,,,,,,,,,,,,,,,,,
peat,,,y,,,,,,,,,,,,,,,,,,,
pen,,y,,,,,,,,,,,,,,,,,,,,
pencil,,y,,,,,,,,,,,,,,,,,,,,
pencils,,,,,,,,,,,,,,,y,,,,,,,
pens,,,,,,,,,y,,,,,,,,,,,,,
pesticides,,,y,,,,,,,,,,y,,,,,,y,,,
pesticides/fertilisers,,,,,,,,,,,,,,y,,,,,,,,
pet bedding,,,,,,,,,,,,,,,,,,y,,,,
pet bedding for vegetarian pets (hay and straw),,,,,,,,,,,,,,,y,,,,,,,
pet faeces (bagged),,,,,,,,,,,,,,,y,,,,,,,
pet food,,,,,,,,y,,,,,,,,,,y,,,y,y
pet food tins,,,,,,,,,,,,,y,,,,,,,,,
pet litter (carnivorous),,,,,,,,,,,,,,,y,,,,,,,
pet litterand disposed of in the general rubbish bin.,,,,,,,,,,,,,y,,,,,,,,,
pet waste,,,,,,,,,,y,,y,,,,,,y,y,,,
petrol,,,,,,,,,,,,,,y,,,,y,,,,
phone books and catalogues,,,,,y,,,,,,,,,,,,,,,,,
phone directories,,,,,,,,,,,,,y,,,,,,,,,
phone directrories,,,,,,,,,,,,,,,y,,,,,,,
photo negatives,,,,,,,,,,,,,,,y,,,,,,y,
photocopiers,,,y,,,,,,,,,,,,,,,,,,,
photographic chemicals,,,,,,,,,,,,,,y,,,,,,,,
photographic paper,,,,,,,,,,,,,,,y,,,,,,,
photographs,,,,,,,,,,,,y,,,,,,y,,,y,
pill trays with foil,,,,,,,,,,,,,y,,,,,,,,,
pillow cases,,,,,,,,,,,,,,,,y,,,,,,
pillows,,,,,y,,,,,,,,y,,,y,,,,y,,
pillows & duvets,,,,,,,,,,,,,,,y,,,,,,,
pillows ,,,,,,,,,y,,,,,,,,,,,,,
pipes,,,,,,,,,,,,,y,,,,,,,,,
piping: metal/aluminium/steel,,,,,,,,,,,,,,,,,,,,,y,
plant pots,,,,,,,,,,,,,y,,,,,,,,,
plant pots - plastic (small only),,,,,,,,,,,,,,,y,,,,,,,
plant pots and other plastic gardening packaging,,,,,,,,,,y,,,,,,,,,,,,
plant pots and seed trays,,,,,,,,,,,,,y,,,,,,,,,
plants,,y,,,,,,,,,,,y,,y,,,,,,,
plasterboard,,,,,,y,y,,,,,,,y,,y,,y,y,,y,
plasterboard and gypsum,,,,,,,,,,,,,,,,,,,,y,,
plasterboard and other gypsum waste,,,,,,,,,,,,,,,,,y,,,,,
plastic,,,y,,,,,y,,,,y,y,y,,y,y,,,y,,y
plastic (hard),,,y,,,,,,,,,,,,,,,,,,,
plastic - other ,,,,,,,y,,,,,,,,,,,,,,,
plastic baby food pouches (e.g. ella's kitchen),,,,,y,,,,,,,,,,,,,,,,,
plastic bags,,y,y,y,,y,,y,y,,,y,,,y,y,y,y,,y,,y
"plastic bags, film and wrappings including cellophane, grease proof paper, bubble wrap and crisp bags",,,,,,,,,,y,,,,,,,,,,,,
plastic bakery trays,,,,,,,,,,,,,y,,,,,,,,,
"plastic bottle tops, lids and spray triggers",,,,,y,,,,,,,,,,,,,,,,,
plastic bottles,,y,y,y,,,,,y,,,,,y,,,,y,,y,,
plastic bottles and containers,,,,,,,,,,y,,,,,,,,,,,,
"plastic bottles and loose lids (all drink, detergent, shampoo bottles - rinse clean)",,,,,,,,,,,,,,,y,,,,,,,
plastic bottles including drinks and detergents,,,,,,,,,,,,,y,,,,,,,,,
"plastic bottles, pots, tubs and trays",,,,,,,,,,,,,y,,,,,,,,,
plastic cake decoration pots,,,,,,,,,,,,,y,,,,,,,,,
plastic carrier bags,,,,,,,,,,,,,y,,,,,,,,,
plastic chairs,,,,,,,,,,,,,y,,,,,,,,,
plastic corks,,,,,,,,,,,,,,,,,,,,,y,
plastic cups,,,y,,,,,,,,,,,,,,,,,,,
plastic dessert pots,,,,,,,,,,,,,y,,,,,,,,,
plastic egg boxes,,,,,,,,,,,,,y,,,,,,,,,
plastic film,,,,,,,,,,,,,,y,,,,y,,y,,
plastic films (from ready meal trays),,,,,,,,,,,,,,,y,,,,,,,
plastic food containers(rinse clean),,,,,,,,,,,,,,,y,,,,,,,
plastic fruit punnets,,,,,,,,,,,,,y,,,,,,,,,
plastic handsoap dispensers,,,,,,,,,,,,,y,,,,,,,,,
plastic ice cream tubs,,,,,,,,,,,,,y,,,,,,,,,
plastic margarine tubs,,,,,,,,,,,,,y,,,,,,,,,
plastic packaging,,,,y,,,y,,,,,,,,,,,,,,,
"plastic pots, tubs and trays",,,,,y,,,,,,,,,,,,,,,,,
plastic ready meal trays,,,,,,,,,,,,,y,,,,,,,,,
plastic sauce pots,,,,,,,,,,,,,y,,,,,,,,,
plastic spray bottles from detergent and cleaning products,,,,,,,,,,,,,y,,,,,,,,,
plastic storage containers (i.e biscuit and sweets),,,,,,,,,,,,,,,y,,,,,,,
plastic sweet wrappers,,,,,,,,,,,,,,,y,,,,,,,
plastic toys,,,,,,,,,,,,,y,,,,,,,,,
plastic tubs & trays,,,,,,,,,,,,,,,,,,y,,,,
plastic tubs from laundry capsules,,,,,,,,,,,,,y,,,,,,,,,
plastic tubs from personal care products (for example creams and hair gels),,,,,,,,,,,,,y,,,,,,,,,
plastic vitamin and supplement pots,,,,,,,,,,,,,y,,,,,,,,,
"plastic wrappers (from magazines, junk mail etc)",,,y,,,,,,,,,,,,,,,,,,,
plastic wrapping (including food wrappers),,,,,,,,,,,,,,,y,,,,,,,
plastic yoghurt pots (rinse and remove foil lids),,,,,,,,,,,,,y,,,,,,,,,
plastic:,,,,,,,,,,,,,,,,,,,,,y,
"plastic: bottles, food trays, biscuit trays, tubs and pots (ie ice cream and yoghurt)",,,,,,,,,,,,,,,,,,,,,y,
plastic: other,,,,,,,,,,,,,,,,,,,,,y,
"plastic: flyaways are carrier bags, polythene, small clear food packaging, bubble wrap, cling film and compost bags only.",,,,,,,,,,,,,,,,,,,,,y,
plastics,,,,,,y,,,,,,,y,,,,,,y,,,
plate glass,,,,,,,,,,,,,,,y,,,,,,,
plates and ornaments,,,,,,,,,,,,y,,,,,,,,,,
please do not put them in your,y,,,,,,,,,,,,,,,,,,,,,
"please make sure aerosol cans are empty before recycling them, and do not crush, pierce or flatten.",y,,,,,,,,,,,,,,,,,,,,,
polystyrene,,y,,,,y,y,,,,,,y,y,,,y,y,y,,y,
polystyrene balls (for beanbags etc),,,y,,,,,,,,,,,,,,,,,,,
polystyrene food trays (styrofoam/foam),,,,,,,,,,,,,,,y,,,,,,,
polystyrene packaging,,,,,,,,y,,y,,y,y,,y,,,,,,,y
polythene,,,y,,,,,,,,,,,,,,,,,,,
polythene / plastic sheeting,,,,,,,,,,,,,,,,,,,,,y,
polythene wrappers,,,,,,,,,,,,y,,,,,,,,,,
post it notes,,,,,,,,,,,,,,,y,,,,,,,
postage stamps,,,y,,y,,,y,y,,,y,,,,,,y,,,,y
postcards,,,y,,,,,,y,,,,,,,,,,,,,
pot noodle pots,,,,,,,,,,,,,y,,,,,,,,,
potato peelings,,y,,,,,,,,,,,,,,,,,,,,
potato sacks (thick brown paper),,,,,,,,,,,,,,,y,,,,,,,
pots and pans,,,,,,,,,,,,,y,,,,y,,,,,
prams and pushchairs,,,,,,,,,,,,,y,,,,,,,,,
prams pushchairs and cots,,,y,,,,,,,,,,,,,,,,,,,
"prams, pushchairs and cots",,,,,,,,,,,,,,,,y,,,,,,
pringles tubes,,,,,,,,,,,,,,,,,,,,,y,
print toner,,y,,,,,,,,,,,,,,,,,,,,
printer / ink cartridges,,,,,,,,,,,,,,y,,,,,,,,
printer / toner cartridges,,,,,y,,,,,,,,,,,,,,,,,
printer cartridges,,,,,,,,y,,,,y,y,,y,y,y,y,y,y,,y
printer cartridges ,,,,,,,,,,,,,,,,,,,,,y,
printers,,,,,,,,,,,,,,,,,y,y,,,,
privately owned telephone,,,,,,,,,,,,,,,,,,,,y,,
projectors,,,,,,,,,,,,,,,,,,y,,,,
prunings,,,,,,,,,,,,,,,y,,,,,,,
pyrex,,,,,,,,y,,,,,,,,,,y,y,,,y
pyrex (or similar),,,,,,,,,,,,,,,y,,,,,,,
pyrex glass,,,y,,,,,,,,,y,,,,,,,,,y,
pyrex glass including jugs and cooking dishes,,,,,,,,,,,,,y,,,,,,,,,
questions,,,,,,,,y,,,,,,,,,,,,,,y
quilts,,,y,,,,,,,,,,y,,,y,,,y,,,
r blades,,,,,,,,,,,,,,,,,,,,,y,
radiators,,,y,,,,,,,,,,y,,,y,y,,,,,
radios,,,y,,,y,,,,,,y,y,,,,,y,y,y,,
rags,,,y,,,,,,,,,,,,,,,y,y,,,
ragwort,,,,,,,,,,,,,,,,,,,y,,,
rainwater,,,,,,,,y,,,,,,,,,,,,,,y
razo,,,,,,,,,,,,,,,,,,,,,y,
razor blades,,,,,,,,,,,,y,,,y,,,,y,,,
real nappies,,,,,,,,y,y,,,,,,,,,,,,,y
rechargeable batteries,,,y,,,,,,,,,,,,,,,,,,,
records,,,y,,,,,,,,,,,y,,,,y,,,,
records (vinyl),,,,,,,,,,,,,,,,y,,,,,,
"records, audio tapes, cds",,,,,,,,,,,,,y,,,,,,,,,
"records, tapes, cds, dvds",,,,,,,,,,,,,,,,,,,y,,,
recycle,,,,,,,,,,,,y,,,,,,,,,,
recycling - bags and containers,,,,,,,,,,,,y,,,,,,,,,,
recycling - general information,,,,,,,,,,,,y,,,,,,,,,,
recycling points,y,,,,,,,,,,,,,,,,,,,,,
recycling team,,,,,,,,y,,,,,,,,,,,,,,y
refrigerators,,,,,,,,,,,,,y,,,y,,,,,,
refrigerators and freezers,,,y,,,,,,,,,,,,,,,,y,,,
rental telephone,,,,,,,,,,,,,,,,,,,,y,,
resealable plastic packets (eg containing cheese),,,,,,,,,,,,,,,y,,,,,,,
reuse and recycling centres,,,,,,,,y,,,,,,,,,,,,,,y
ring binders,,,,,,,,,,,,,,,y,,,,,,,
roofing felt,,,,,,,,,,,,,,y,,,y,,,,,
rubber,,,y,,,,,,,,,,,,,,,,,,,
rubber bands,,,,,,,,,,,,,,,,,,,,,y,
rubber gloves,,,,,,,,,,,,,,,y,,,,,,,
rubble,,,,,,,,y,,,,y,,y,,y,,y,,,y,y
rubble and soil,,,,,,,,,,,,,,,,,,,,y,,
rugs,,,,,,,,,,,,,,,,,,y,,,,
sanitary items,,,,,y,,,,,,,,,,,,,,,,,
sanitary products,,,,,,,,,,,,,y,,,,,,,,y,
sanitary products (wrapped),,,,,,,,,,,,,,,y,,,,,,,
sanitary towels,,,,,,,,,,,,,,,y,,,,,,,
sat navs,,,,,,,,,,,,,,,,,,y,,,,
saucepans,,y,y,,,,,,,,,,,,y,,,,,,,
sawdust,,,y,,,,,,,,,,,,,y,,,,,,
sawdust (clean),,,,,y,,,,,,,,,,,,,,,,,
schools,,,,,,,,y,,,,,,,,,,,,,,y
scrap metal,,,y,y,,,y,,y,,,y,y,,,,,,y,,,
scrap vehicles,,,,,,,,,,,,,,,,,,,y,,,
seafood shells,,,,,,,,,,,,,,,,,,,,,y,
see,y,,,,,,,,,,,,,,,,,,,,,
see also architectural salvage.,y,,,,,,,,,,,,,,,,,,,,,
see cardboard.,y,,,,,,,,,,,,,,,,,,,,,
see crockery.,y,,,,,,,,,,,,,,,,,,,,,
see oil,y,,,,,,,,,,,,,,,,,,,,,
see plastic bags ,y,,,,,,,,,,,,,,,,,,,,,
see textiles,y,,,,,,,,,,,,,,,,,,,,,
see textiles ,y,,,,,,,,,,,,,,,,,,,,,
seed trays (small),,,,,,,,,,,,,,,y,,,,,,,
sellotape,,y,,,,,,,,,,,,,y,,,y,,,,
send your old furniture to a good home for a good cause,,,,,,y,,,,,,,,,,,,,,,,
septic tanks,,,,,,,,,,,,,,y,,,,,,,,
sewing machines,,,y,,,,,,y,,,,y,,,,,,,y,,
shampoo bottles,,y,,,,,,,,,,,,,,,,y,,,y,
sharps,,,y,,,,,,,,,,,,,,,,,,,
sharps (clinical) (other),,,,,,,,,,,,,,,,,,,y,,,
sheds,,,,,,,,,,,,,,y,,,,,,,,
shellfish,,,,,,,,,,,,,,,y,,,,,,,
shiny cardboard (that has plastic coating),,,,,,,,,,,,,,,y,,,,,,,
shiny cardboard (that will tear and has no plastic coating),,,,,,,,,,,,,,,y,,,,,,,
shoes,,,y,y,y,,y,,y,,,y,y,,,y,y,,y,y,y,
shoes & boots,,,,,,,,,,,,,,,,,,y,,,,
shoes (any kind),,,,,,,,,,,,,,,y,,,,,,,
shopping bags,,,,,,,,y,,,,y,,,,,,,,,,y
shopping bags (plastic),,y,,,,,,,,,,,,,,,,,,,,
shower curtain,,,,,,,,,,,,,,,y,,,,,,,
shredded paper,,y,,,,y,,y,,,,y,,,y,,,y,y,,,y
shrink wrap,,,,,,,,,,,,,,,y,,,,,,,
shrubs and flowers,,,,,,,,,,,,,,,y,,,,,,,
sideboards,,,,,,,,,,,,,,,,,,y,,,,
skips,,,,,,,,y,,,,,,,,,,,,,,y
small electrical appliances,,,,,,,,,,,,,y,,,,,,,,,
smart phones,,,,,,,,,,,,,,,,,,,y,,,
smart shopping,,,,,,,,y,,,,,,,,,,,,,,y
smoke alarms,,,,,,,,,,,,,,,,,,y,,,,
smoke alarms ,,,,,,,,,,,,,,,,,,,,,y,
smoke detector,,,,,,,,,,,,,,y,,,,,,,,
sofa,,,,,,,,,,,,,,,,,,,y,,,
sofas,,,,,,,,,,,,,y,,,y,,,,,,
sofas / settees,,,,,,y,,,,,,,,,,,,y,,,,
soil,,,,,,,,,,y,,y,,,,,y,,y,y,y,
soil and rubble,,,,,,,,,,,,,,,y,,,,,,,
soil or stones,,,,,y,,,,,,,,,,,,,,,,,
soil/turf,,,,,,,,,,,,,,y,,,,,,,,
solar panels,,,,,,,,,,,,,,,,,y,,,,,
special uplift,,,,,,,,,,,,y,,,,,,,,,,
spectacles,,,y,y,,,y,,,y,,,y,y,,y,y,y,y,y,y,
spectacles & sunglasses,,,,,,,,,,,,y,,,,,,,,,,
spectacles(glasses),,,,,,,,,y,,,,,,,,,,,,,
sponges and loofahs,,,,,,,,,,,,,,,y,,,,,,,
sports equipment,,,,,,,,,,,,,,y,,,,,,,,
stain removers,,,,,,,,,,,,,,y,,,,,,,,
stamps,,,y,,,,,,,,,y,y,,,,,y,y,y,,
staples,,,,,y,,,,,,,y,,,,,,,,,,
stationery,,,,,,y,,,,,,,,,,,,,,,,
steel,,,,,,,,,,,,,,,,,,,,y,,
steel cans,,,,,,,,,,,,y,y,,,,,,,,,
stereos,,,,,,,,,,,,,,,,,,y,,,,
sticking tape / sellotape®,,,,,y,,,,,,,,,,,,,,,,,
sticky labels and backing paper,,,,,,,,,,,,,,,y,,,,,,,
sticky tape,,,,,,,,,,,,,,,,,,y,,,,
stools,,,,,,,,,,,,,,,,,,y,,,,
straw - drinking (plastic),,y,,,,,,,,,,,,,,,,,,,,
string,,,,,,,,,,,,,,,,,,,,,y,
styrofoam,,,,,,,,,,,,,,,y,,,,,,,
styrofoam food tray,,y,,,,,,,,,,,,,,,,,,,,
sunglasses/spectacles,,,,,,,,y,,,,,,,,,,,,,,y
sweet / cake wrappers,,,,,,,,,,,,,,,,,,,,,y,
sweet / chocolate tins,,,,,,,,,,,,,,y,,,,,,,,
sweet tin,,y,,,,,,,,,,,,,,,,,,,,
sweet tins,,,,,,,,,,,,,,,,,,y,,,,
sweet wrappings,,,,,,,,,,y,,,,,,,,,,,,
swimming pool cleaners,,,,,,,,,,,,,,y,,,,,,,,
syringes,,,y,,,,,,,,,,,,,,,,y,,,
syringes (sharps),,,,,,,,,,,,,,,y,,,,,,,
tables,,,,,,,,,,,,,,,,,,y,,,,
tablet computers,,,,,,,,,,,,,,,,,,y,,,,
tablet pack (cardboard),,y,,,,,,,,,,,,,,,,,,,,
tablet pack (plastic insert),,y,,,,,,,,,,,,,,,,,,,,
tablet packets (plastic and foil),,,,,,,,,,,,,,,y,,,,,,,
takeaway food containers,,,,,,,,y,,,,y,,,,,,,,,,y
takeaway food containers (plastic) (foil),,,,,,,,,,,,,,,,,,,y,,,
takeaway food containers:,,,,,,,,,,,,,y,,,,,,,,,
tapes (audio and video),,,,,,,,,,,,,,,,y,,,,,,
tarmac,,,,,,,,,,,,,,,,,y,,,,,
tea bags,,y,y,,,,,,,,,y,,,y,,,,,,y,
tea bags –food waste collection service or composting,,,,,,,,,,,,,y,,,,,,,,,
tea towels,,,,,,,,,,,,,,,,,,y,,,,
teddy bears and soft toys,,,,,,,,,,,,,,,,,y,,,,,
telephone (landline),,,,,,,,,,,,,,,,,,,,y,,
telephone directories,,,y,y,,,,,y,,,y,,y,,y,y,y,y,y,y,
telephone directory,,y,,,,,,,,,,,,,,,,,,,,
telephones,,,,,,,,y,,,,y,,,,,,y,y,,,y
television sets,,,,,,,,,,,,,y,,,,,,,,,
televisions,,,,,y,y,,y,,,,,,,,,,,y,,y,y
televisions (weee),,,,,,,,,,,,,,,,,y,,,,,
televisions and computer monitors,,,,,,,,,,,,,,y,,,,,,,,
tetra pack/drink cartons,,,,,,,,,,,,,,,,,,,,y,,
tetra pak,,,,y,,,,,,,,y,,y,,,,,,,,
tetra paks,,,,,,y,,,,,,,,,,y,y,,y,,,
tetra-paks,,,y,,,,,,,,,,,,,,,,,,,
tetrapak,,y,,,,,,y,,,,,,,,,,,,,,y
tetrapaks,,,,,,,,,,,,,y,,,,,y,,,,
tetrapaks (cartons),,,,,,,,,y,,,,,,,,,,,,,
tetrapaks (ie juice cartons),,,,,,,,,,,,,,,,,,,,,y,
textile recycling,,,,,,,,y,,,,,,,,,,,,,,y
textiles,,,y,y,,,y,,y,y,,y,y,,,y,y,,y,,y,
textiles & clothing,,,,,,,,,,,,,,,,,,y,,,,
"textiles, clothes and shoes",,,,,,,,,,,,,,,y,,,,,,,
textiles/clothes/shoes,,,,,,,,,,,,,,y,,,,,,,,
textiles ,y,,,,,,,,,,,,,,,,,,,,,
thermometers,,,,,,,,,,,,,,y,,,,,,y,,
tights,,,y,,,,,,,,,,,,,,,,,y,,
tiles,,,y,,,,,,,,,y,,y,,y,,,,,,
tiles (floor and wall),,,,,,,,,,,,,,,,,,y,,,,
timber,,,y,,,,,,,,,,y,,,y,,,y,,,
timber & wood,,,,,,,,,,,,,,,,,,y,,,,
timber and wood,,,,,,,,y,,,,y,,,,,,,,,,y
tin cans,,,y,,,,,,,,,,,,,,,,,,,
tin foil,,y,,y,,,,,,,,,,,,,,,,,,
tins,,,,,,y,,,,,,,y,,,,,,,,y,
tins (small or large including biscuit and sweet tins),,,,,,,,,,,,,,,y,,,,,,,
tissue,,y,,,,,,,,,,,,,,,,,,,,
tissue paper,,y,,,,,,,,,,,,,,,,,,,,
tissues,,,,,,,,,,,,,,,,,y,,,,,
tissues and paper towels,,,,,y,,,,,,,,,,,,,,,,,
"tissues including paper hankies, kitchen towel and other absorbent hygiene products",,,,,,,,,,y,,,,,,,,,,,,
toasters,,,,,,,,,,,,,,,,,,y,,,,
toilet and kitchen roll tubes,,,,,,,,,,,,,y,,,,,,,,,
toilet paper,,,,,,,,y,,,,y,,,,,,,,,,y
toilet roll tube,,y,,,,,,,,,,,,,,,,,,,,
toner cartridges,,,,,,,,,,,,,,,y,,y,y,y,y,,
tools,,,y,,,y,,,,,,,y,y,,,y,y,,,y,
toothbrushes,,,y,,,,,,,,,,,,,,,,,,,
toothpaste tube,,y,,,,,,,,,,,,,,,,,,,,
toothpaste tubes,,,,,,,,,,,,,y,,y,,,,,,y,
torch,,,,,,,,,,,,,,,,,,y,,,,
towels,,,,,,,,,,,,,y,,,,,,,,,
toys,,,y,,,,,y,y,,,,,,,,y,,,y,y,y
toys & games,,,,,,,,,,,,y,,,,,,y,,,,
toys (cardboard packaging),,,,,,,,,,,,,,,y,,,,,,,
toys (plastic),,,,,,,,,,,,,,,y,,,,,,,
toys (see reuse and recycling centres or donate unwanted goods,,,,,,,,,,,,,y,,,,,,,,,
toys (soft textiles),,,,,,,,,,,,,,,y,,,,,,,
toys and games,,,,y,,,,,,,,,y,,,,,,y,,,
trade waste - recycled,,,,,,,,,,,,,,,,,y,,,,,
trailers,,,,,,,,,,,,,,y,,,,,,,,
trainers,,,,,,y,,,,,,,,,,,,,,,y,
"trays (plastic food trays,ready meals)",,,,,,,,,,,,,,,y,,,,,,,
trees,,,,,,,,,,,,,y,y,,,,,,,,
"tubs (margarine, butter)",,,,,,,,,,,,,,,y,,,,,,,
tumble dryers,,,,,,,,,,,,,,,,,,y,,,,
tupperware,,,,,,,,,,,,,,,y,,,,,,,
turkey carcass,,y,,,,,,,,,,,,,,,,,,,,
tv monitors,,,,,,,,,,,,y,,,,,,,,,,
tvs,,,,,,,,,,,,,,,,y,,y,,,,
tvs and monitors,,,,,,,,,,,,,,,,,,,,y,,
tyres,,,y,y,y,y,y,,y,y,,y,y,y,,y,y,y,y,y,y,
ubber gloves,,,,,,,,,,,,,,,,,,,,,y,
umbrellas,,,,,,,,,,,,,,,,,,,,y,,
unaddressed mail,,,,,,,,y,,,,,,,,,,,,,,y
uncooked food,,,,,,,,,,,,,,,y,,,,,,y,
underlay,,,,,,,,,,,,,,,,,,,y,,,
underwear,,,,,y,,,,,,,,,,,,,,,,,
unwanted mail,,,,,,,,,,,,y,,,,,,,y,,,
upholstery,,,,,,,,,,,,,,,,y,,,,,,
upvc,,,y,,,y,,,,,,,,,,,,,,,,
vacuum cleaner contents,,,,,,,,,,,,,,,,,,,,,y,
vacuum cleaners,,,,,,y,,,,,,,y,y,,,,y,,y,,
van permits,,,,,,,,,,,,,,,,y,,,,,,
vegetable oil,,,,,,y,,,,,,,,,,,,y,,,,
vegetable peel,,,,,,,,y,,,,,,,,,,,,,,y
vegetable peelings,,y,,,,,,,,,,y,y,,,,,,,,,
vegetables,,,y,,,,,,,,,,,,,,,,,,,
vegetable and fruit peelings,,,,,,,,,,,,,,,,,,,y,,,
vehicles,y,,,,,,,,,,,,,,,,,,,,,
vehicles ,y,,,,,,,,,,,,,,,,,,,,,
vending cups,,,y,,,,,,,,,,,,,y,,,,,,
vhs video tapes,,,,,,,,,,,,,y,,,,,,,,,
video and audio tapes,,,,,,,,,,,,,,,,y,,,,,,
video cassette tape,,y,,,,,,,,,,,,,,,,,,,,
video cassettes,,,y,,,,,,,,,,,y,y,,y,,,,,
video recorders,,,,,,,,,,,,,y,,,,,y,,,,
video recorders / dvd players,,,,,,y,,,,,,,,,,,,,,,,
video recorders and digi-boxes,,,,,,,,,,,,,,,,,,,,,y,
video tapes,,,,,,y,,,,,,,,,,,,y,,y,,
videos,,,,,,,,,,,,,,,,,,,,,y,
videos and dvds,,,,,,,,,,,,y,,,,,,,,,,
"videos, cds and dvds",,,,,,,,y,,,,,,,,,,,,,,y
video and cassette tapes,,,,,,,,,,,,,,,,,,,y,,,
vinyl (records) and vhs tapes (videos),,,,,,,,,y,,,,,,,,,,,,,
vinyl flooring,,,,,,,,,,,,,,y,,,,,,,,
vinyl records,,,,,,,,,,,,,,,,y,,,,,,
volunteers (recycling champions),,,,,,,,y,,,,,,,,,,,,,,y
walking sticks,,,y,,,,,,,,,,,,,,,,,,,
wallpaper,,,,,,,,,,y,,y,,y,y,,,y,,,,
wardrobes,,,,,,,,,,,,,,,,,,y,,,,
washer dryers,,,,,,,,,,,,,,,,,,y,,,,
washing machines,,,y,,,,,,,,,,y,y,,,,y,,,,
washing powder boxes,,,,,,,,y,,,,,,,,,,,,,,y
waste electrical and electronic equipment (weee),,,,,,,,,,,,,,,,,y,,,,,
waste electrical equipment,,,,,,,,,,,,,,,,y,,,,,,
waste paper,,,,,,,,,,,,,,,,,,,y,,,
waste strategy,,,,,,,,,,,,y,,,,,,,,,,
watches,,,,,,,,,,,,,y,,,,,y,,,,
water,,,y,,,,,y,,,,,,,,,,,,,,y
water bottles,,,,,,,,,,,,,,,,,,y,,,,
water butts,,,,,,,,,y,,,,y,y,,,,,,y,,
water filter cartridges,,,,,,y,,,,,,,,,,,,,,,,
water filter cartridges (eg brita),,,,,,,,,,,,,,,y,,,,,,,
water filter recycling,,,,,,,,,,,,,,,,,y,,,,,
water filters,,,,,,,,y,,,,,,y,,,,y,y,,,y
water tanks,,,,,,,,,,,,,,,,,y,,,,,
wax crayons,,,,,,,,,,,,,,,y,,,,,,,
weed control fabric,,,,,,,,,,,,,,,y,,,,,,,
weed killer,,,,,,,,,,,,,,y,,,,,,,,
weeds,,y,,,,,,,,,,,y,,y,,,,,,y,
weee,,,,,,,,,,,,,y,,,,,,,,,
weee – waste electrical and electronic equipment,,,,,,,,,,,,,,,,,,,y,,,
wellies,,,y,,,,,,,,,,,,,,,,,,,
wellington boots,,,,,,,,,,,,,y,,,,,,,,,
white goods,,,,,,,,,,,,y,,y,,y,,y,y,,,
windfalls,,,,,,,,,,,,,,,,,,,,,y,
window envelopes,,y,,,,,,,,,,,,,,,,,,,,
window frames,,,,,,,,,,,,,,,,,y,,,,,
window frames (wooden or plastic),,,,,,,,,,,,,,,y,,,,,,,
window glass,,,,y,,,,,,,,,y,,,,,,,,,
windows,,,,,,,y,,,,,,,,,y,,,,,,
windows/upvc windows,,,,,,,,,,,,,,y,,,,,,,,
wine bottles,,,,,,,,,,,,,,,,,,y,,,,
wine cork,,y,,,,,,,,,,,,,,,,,,,,
wine glass,,y,,,,,,,,,,,,,,,,,,,,
wires,,,,,,,,,,,,,,,,,,,y,,,
wood,,,y,y,,y,y,y,y,y,,,y,y,y,y,y,,y,y,y,y
wood and sawdust (untreated),,,,,y,,,,,,,,,,,,,,,,,
wood ash:,,,,,,,,,,,,,,,,,,,,,y,
wood preservers/treatments,,,,,,,,,,,,,,y,,,,,,,,
wood shavings,,,,,,,,,,,,,,,y,,,,,,,
woodchip wallpaper,,,,,,,,,,,,,,,y,,,,,,,
woodchipping service,,,,,,,,,,,,,,,,,,,,y,,
wooden pallets,,,,,,,,,,,,,,y,,,,,,,,
wool,,,y,,,,,y,,,,,,,,,,y,y,y,y,y
wormeries,,,y,,,,,,,,,,,,,,,,,,,
wormery,,,,,,,,,,,,,,,,y,,,,,,
"wrappers (e.g. from sweets, biscuits)",,,,,,,,,,,,,,,y,,,,,,,
wrapping (plastic) e.g. from around magazines,,,,,,,,,,,,,,,y,,,,,,,
wrapping paper,,y,,,y,,y,,,,,y,,y,,,y,y,y,,y,
www.fifedirect.org.uk/bincalendar,,,,,,,,,,,,y,,,,,,,,,,
www.fifedirect.org.uk/wasteaware,,,,,,,,,,,,y,,,,,,,,,,
www.lovefoodhatewaste.org,,,,,,,,,,,,y,,,,,,,,,,
x-ray scans,,y,,,,,,,,,,,,,,,,,,,,
xmas,,,,,,,,y,,,,,,,,,,,,,,y
xmas trees,,,,,,,,,,,,,,,,,,,y,,,
xylophone,,,,,,,,,,,,,,,,,,,,y,,
yellow pages,,y,y,y,,y,,y,y,,,y,y,,y,y,y,,y,y,,y
yellow pages -,,,,,,,,,,,,,,,,,,,,,y,
yew clippings,,,,,,,,,,,,,,,,,,,y,,,
yoghurt pot lids,,,,,,,,,,,,,,,y,,,,,,,
yoghurt pots,,y,y,y,,y,,y,,,,y,y,,y,y,,y,y,,y,y
zero waste,,,,,,,,,,,,y,,,,,,,,,,
zinc,,,,,,,,y,,,,,,,,,,,,,,y
zinc batteries,,,,,,,,,,,,,,,,,,,y,,,
zucchini,,,,,,,,,,,,,,,,,,,,y,,
 or your,y,,,,,,,,,,,,,,,,,,,,,
 yoghurt pots ,,,,,,,,,y,,,,,,,,,,,,,
